{"stats":{"minecraft:custom":{"minecraft:time_since_rest":122485,"minecraft:sprint_one_cm":245078,"minecraft:damage_taken":15909,"minecraft:walk_one_cm":342855,"minecraft:drop":3,"minecraft:damage_dealt":10351,"minecraft:fly_one_cm":854519,"minecraft:player_kills":5,"minecraft:open_chest":5,"minecraft:play_one_minute":297266,"minecraft:crouch_one_cm":57753,"minecraft:deaths":15,"minecraft:sneak_time":10020,"minecraft:jump":2524,"minecraft:leave_game":6,"minecraft:time_since_death":122448,"minecraft:climb_one_cm":3862,"minecraft:fall_one_cm":166957},"minecraft:killed_by":{"minecraft:player":15},"minecraft:mined":{"minecraft:orange_wool":3,"minecraft:oak_planks":1,"minecraft:white_wool":1},"minecraft:picked_up":{"minecraft:orange_wool":4,"minecraft:white_wool":1},"minecraft:used":{"minecraft:oak_log":4,"minecraft:glass":27,"minecraft:bricks":6,"minecraft:cobblestone_stairs":38,"minecraft:grass_block":55,"minecraft:spruce_slab":500,"minecraft:oak_planks":17,"minecraft:blue_wool":312,"minecraft:sign":27,"minecraft:stone_slab":18,"minecraft:stone":203,"minecraft:smooth_quartz":1,"minecraft:stone_bricks":236,"minecraft:item_frame":25,"minecraft:white_wool":797,"minecraft:diamond_sword":488,"minecraft:orange_carpet":75,"minecraft:anvil":1,"minecraft:potion":4,"minecraft:white_carpet":60,"minecraft:red_bed":1,"minecraft:glass_pane":4,"minecraft:orange_wool":262,"minecraft:grass_path":35,"minecraft:turtle_egg":52,"minecraft:end_stone":65,"minecraft:orange_terracotta":10,"minecraft:spruce_log":478,"minecraft:milk_bucket":2,"minecraft:stripped_spruce_wood":383,"minecraft:obsidian":122},"minecraft:dropped":{"minecraft:potion":3}},"DataVersion":1631}