{"stats":{"minecraft:mined":{"minecraft:black_wool":36,"minecraft:sponge":1,"minecraft:grass_block":3,"minecraft:wet_sponge":1,"minecraft:orange_wool":9,"minecraft:white_wool":6,"minecraft:pink_wool":2},"minecraft:custom":{"minecraft:open_chest":5,"minecraft:time_since_rest":10655,"minecraft:play_one_minute":80631,"minecraft:crouch_one_cm":25444,"minecraft:sprint_one_cm":336681,"minecraft:walk_one_cm":121809,"minecraft:damage_taken":14040,"minecraft:deaths":10,"minecraft:sneak_time":9854,"minecraft:drop":1,"minecraft:jump":1903,"minecraft:leave_game":1,"minecraft:damage_dealt":7226,"minecraft:time_since_death":10629,"minecraft:climb_one_cm":1852,"minecraft:player_kills":4,"minecraft:fall_one_cm":126973,"minecraft:fly_one_cm":529635},"minecraft:picked_up":{"minecraft:pink_wool":2,"minecraft:black_wool":36,"minecraft:white_wool":6,"minecraft:dirt":3,"minecraft:orange_wool":4,"minecraft:wet_sponge":8},"minecraft:used":{"minecraft:white_wool":138,"minecraft:black_wool":293,"minecraft:diamond_sword":203,"minecraft:wooden_sword":222,"minecraft:stone_sword":35,"minecraft:grass_block":29,"minecraft:podzol":55,"minecraft:orange_wool":222,"minecraft:wet_sponge":71,"minecraft:sponge":44,"minecraft:stone":146,"minecraft:shears":36,"minecraft:pink_wool":2},"minecraft:broken":{"minecraft:wooden_sword":3},"minecraft:killed_by":{"minecraft:player":5},"minecraft:dropped":{"minecraft:stone_sword":1}},"DataVersion":1631}